seed,method_key,method,approach,workload,calibration_mode,fallback_lambda,validation_protocol,mask_checksum_sha256,selected_temperature,log_path,json_path,test_mrr,test_hit1,test_hit3,test_hit10
0,fixed,Fixed parameters,No group search; use lambda=1.00 and alpha=0.0 for every group.,very_low,fixed,1.0,separate_50_50,500e660692f0decd75ba57c71d0d5b31ecfc10b05756832f67ea40ff7ae3417f,,results/mkgy_text_missing/calibration_baselines_low_degree30_split_same_scale/fixed_seed0.log,results/mkgy_text_missing/calibration_baselines_low_degree30_split_same_scale/fixed_seed0.json,0.36778171312065544,0.3212542245587683,0.39279008636875706,0.44329703342095383
0,alpha_only,Alpha-only calibration,Fix lambda=1.00 and run groupwise Pareto-safe search over alpha.,low,alpha_only,1.0,separate_50_50,500e660692f0decd75ba57c71d0d5b31ecfc10b05756832f67ea40ff7ae3417f,,results/mkgy_text_missing/calibration_baselines_low_degree30_split_same_scale/alpha_only_seed0.log,results/mkgy_text_missing/calibration_baselines_low_degree30_split_same_scale/alpha_only_seed0.json,0.3683678666732489,0.32162974089372887,0.39354111903867817,0.4444235824258355
0,temperature,Temperature scaling,Search a global positive T on validation and evaluate score/T.,low,temperature,1.0,separate_50_50,500e660692f0decd75ba57c71d0d5b31ecfc10b05756832f67ea40ff7ae3417f,1.0,results/mkgy_text_missing/calibration_baselines_low_degree30_split_same_scale/temperature_seed0.log,results/mkgy_text_missing/calibration_baselines_low_degree30_split_same_scale/temperature_seed0.json,0.36778171312065544,0.3212542245587683,0.39279008636875706,0.44329703342095383
1,fixed,Fixed parameters,No group search; use lambda=1.00 and alpha=0.0 for every group.,very_low,fixed,1.0,separate_50_50,c913edd722b7eb42d8cdbc248b7c16469a13a91c24ebe3ed19e2d6dd8d9b330b,,results/mkgy_text_missing/calibration_baselines_low_degree30_split_same_scale/fixed_seed1.log,results/mkgy_text_missing/calibration_baselines_low_degree30_split_same_scale/fixed_seed1.json,0.36812481167032024,0.32200525722868945,0.3957942170484416,0.4408561772437101
1,alpha_only,Alpha-only calibration,Fix lambda=1.00 and run groupwise Pareto-safe search over alpha.,low,alpha_only,1.0,separate_50_50,c913edd722b7eb42d8cdbc248b7c16469a13a91c24ebe3ed19e2d6dd8d9b330b,,results/mkgy_text_missing/calibration_baselines_low_degree30_split_same_scale/alpha_only_seed1.log,results/mkgy_text_missing/calibration_baselines_low_degree30_split_same_scale/alpha_only_seed1.json,0.3686425067760513,0.3227562898986106,0.3957942170484416,0.44141945174615094
1,temperature,Temperature scaling,Search a global positive T on validation and evaluate score/T.,low,temperature,1.0,separate_50_50,c913edd722b7eb42d8cdbc248b7c16469a13a91c24ebe3ed19e2d6dd8d9b330b,1.0,results/mkgy_text_missing/calibration_baselines_low_degree30_split_same_scale/temperature_seed1.log,results/mkgy_text_missing/calibration_baselines_low_degree30_split_same_scale/temperature_seed1.json,0.36812481167032024,0.32200525722868945,0.3957942170484416,0.4408561772437101
2,fixed,Fixed parameters,No group search; use lambda=1.00 and alpha=0.0 for every group.,very_low,fixed,1.0,separate_50_50,db45462ffcb79e45f0cd6d726e223d8765a516db14262f9e3e4d286981497287,,results/mkgy_text_missing/calibration_baselines_low_degree30_split_same_scale/fixed_seed2.log,results/mkgy_text_missing/calibration_baselines_low_degree30_split_same_scale/fixed_seed2.json,0.3681504737164695,0.3233195644010514,0.39354111903867817,0.44123169357867065
2,alpha_only,Alpha-only calibration,Fix lambda=1.00 and run groupwise Pareto-safe search over alpha.,low,alpha_only,1.0,separate_50_50,db45462ffcb79e45f0cd6d726e223d8765a516db14262f9e3e4d286981497287,,results/mkgy_text_missing/calibration_baselines_low_degree30_split_same_scale/alpha_only_seed2.log,results/mkgy_text_missing/calibration_baselines_low_degree30_split_same_scale/alpha_only_seed2.json,0.36834604898477336,0.3231318062335712,0.3933533608711979,0.4417949680811115
2,temperature,Temperature scaling,Search a global positive T on validation and evaluate score/T.,low,temperature,1.0,separate_50_50,db45462ffcb79e45f0cd6d726e223d8765a516db14262f9e3e4d286981497287,1.0,results/mkgy_text_missing/calibration_baselines_low_degree30_split_same_scale/temperature_seed2.log,results/mkgy_text_missing/calibration_baselines_low_degree30_split_same_scale/temperature_seed2.json,0.3681504737164695,0.3233195644010514,0.39354111903867817,0.44123169357867065
