method,seed,split,MRR,MR,Hit@10,Hit@3,Hit@1,checkpoint,log_file
rotate_baseline,0,Overall,0.3206987977027893,872.415283203125,0.4654890298843384,0.3676883578300476,0.23607861995697021,./checkpoint/phase1_mkgw/rotate_baseline_seed0.ckpt,results/phase1_mkgw/rotate_baseline_seed0.log
rotate_baseline,0,Head/Tail Missing Text,0.29693027056202703,1335.4174311926606,0.43425076452599387,0.3318042813455658,0.21712538226299694,./checkpoint/phase1_mkgw/rotate_baseline_seed0.ckpt,results/phase1_mkgw/rotate_baseline_seed0.log
rotate_baseline,0,Head/Tail Both Have Text,0.32266815653787806,834.0566252850266,0.46807702052191535,0.3706612617177603,0.23764884722574106,./checkpoint/phase1_mkgw/rotate_baseline_seed0.ckpt,results/phase1_mkgw/rotate_baseline_seed0.log
rotate_baseline,0,Head/Tail Injected Missing Text,nan,nan,nan,nan,nan,./checkpoint/phase1_mkgw/rotate_baseline_seed0.ckpt,results/phase1_mkgw/rotate_baseline_seed0.log
rotate_baseline,1,Overall,0.3179219961166382,887.10400390625,0.4643191695213318,0.36464670300483704,0.23315396904945374,./checkpoint/phase1_mkgw/rotate_baseline_seed1.ckpt,results/phase1_mkgw/rotate_baseline_seed1.log
rotate_baseline,1,Head/Tail Missing Text,0.2937479054932646,1377.7461773700306,0.43730886850152906,0.3256880733944954,0.21406727828746178,./checkpoint/phase1_mkgw/rotate_baseline_seed1.ckpt,results/phase1_mkgw/rotate_baseline_seed1.log
rotate_baseline,1,Head/Tail Both Have Text,0.31992540988074536,846.4554091715227,0.46655687864200657,0.36787433493792754,0.23473524195591589,./checkpoint/phase1_mkgw/rotate_baseline_seed1.ckpt,results/phase1_mkgw/rotate_baseline_seed1.log
rotate_baseline,1,Head/Tail Injected Missing Text,nan,nan,nan,nan,nan,./checkpoint/phase1_mkgw/rotate_baseline_seed1.ckpt,results/phase1_mkgw/rotate_baseline_seed1.log
rotate_baseline,2,Overall,0.3165055513381958,873.41650390625,0.4654890298843384,0.36499765515327454,0.22976134717464447,./checkpoint/phase1_mkgw/rotate_baseline_seed2.ckpt,results/phase1_mkgw/rotate_baseline_seed2.log
rotate_baseline,2,Head/Tail Missing Text,0.2893381339909426,1381.2538226299694,0.43577981651376146,0.327217125382263,0.21100917431192662,./checkpoint/phase1_mkgw/rotate_baseline_seed2.ckpt,results/phase1_mkgw/rotate_baseline_seed2.log
rotate_baseline,2,Head/Tail Both Have Text,0.3187566594110717,831.3432987078794,0.467950342031923,0.36812769191791234,0.2313149227261211,./checkpoint/phase1_mkgw/rotate_baseline_seed2.ckpt,results/phase1_mkgw/rotate_baseline_seed2.log
rotate_baseline,2,Head/Tail Injected Missing Text,nan,nan,nan,nan,nan,./checkpoint/phase1_mkgw/rotate_baseline_seed2.ckpt,results/phase1_mkgw/rotate_baseline_seed2.log
hard_mask,0,Overall,0.3240225315093994,885.1317138671875,0.4671268165111542,0.3662845194339752,0.24321478605270386,./checkpoint/phase1_mkgw/rotate_hardmask_seed0.ckpt,results/phase1_mkgw/hard_mask_seed0.log
hard_mask,0,Head/Tail Missing Text,0.27888584305046854,1464.8302752293578,0.42660550458715596,0.3103975535168196,0.2018348623853211,./checkpoint/phase1_mkgw/rotate_hardmask_seed0.ckpt,results/phase1_mkgw/hard_mask_seed0.log
hard_mask,0,Head/Tail Both Have Text,0.3277622792549281,837.1050164682036,0.47048391183177096,0.3709146186977451,0.24664302001520141,./checkpoint/phase1_mkgw/rotate_hardmask_seed0.ckpt,results/phase1_mkgw/hard_mask_seed0.log
hard_mask,0,Head/Tail Injected Missing Text,nan,nan,nan,nan,nan,./checkpoint/phase1_mkgw/rotate_hardmask_seed0.ckpt,results/phase1_mkgw/hard_mask_seed0.log
hard_mask,1,Overall,0.3193294405937195,897.21875,0.4643191397190094,0.36219000816345215,0.23607861995697021,./checkpoint/phase1_mkgw/rotate_hardmask_seed1.ckpt,results/phase1_mkgw/hard_mask_seed1.log
hard_mask,1,Head/Tail Missing Text,0.27339994360814285,1504.2568807339449,0.42507645259938837,0.3103975535168196,0.191131498470948,./checkpoint/phase1_mkgw/rotate_hardmask_seed1.ckpt,results/phase1_mkgw/hard_mask_seed1.log
hard_mask,1,Head/Tail Both Have Text,0.323134902384465,846.9270331897644,0.46757030656194576,0.3664808715480111,0.23980238155561187,./checkpoint/phase1_mkgw/rotate_hardmask_seed1.ckpt,results/phase1_mkgw/hard_mask_seed1.log
hard_mask,1,Head/Tail Injected Missing Text,nan,nan,nan,nan,nan,./checkpoint/phase1_mkgw/rotate_hardmask_seed1.ckpt,results/phase1_mkgw/hard_mask_seed1.log
hard_mask,2,Overall,0.3195343315601349,888.34912109375,0.47051942348480225,0.36335986852645874,0.23455777764320374,./checkpoint/phase1_mkgw/rotate_hardmask_seed2.ckpt,results/phase1_mkgw/hard_mask_seed2.log
hard_mask,2,Head/Tail Missing Text,0.2704427995802982,1517.9464831804282,0.42660550458715596,0.3073394495412844,0.18807339449541285,./checkpoint/phase1_mkgw/rotate_hardmask_seed2.ckpt,results/phase1_mkgw/hard_mask_seed2.log
hard_mask,2,Head/Tail Both Have Text,0.323601788992343,836.1883709146186,0.47415758804155056,0.36800101342791997,0.23840891816569545,./checkpoint/phase1_mkgw/rotate_hardmask_seed2.ckpt,results/phase1_mkgw/hard_mask_seed2.log
hard_mask,2,Head/Tail Injected Missing Text,nan,nan,nan,nan,nan,./checkpoint/phase1_mkgw/rotate_hardmask_seed2.ckpt,results/phase1_mkgw/hard_mask_seed2.log
soft_token,0,Overall,0.32652348279953003,849.699951171875,0.46806269884109497,0.3671034276485443,0.24555450677871704,./checkpoint/phase1_mkgw/rotate_softtoken_seed0.ckpt,results/phase1_mkgw/soft_token_seed0.log
soft_token,0,Head/Tail Missing Text,0.30405419881499085,1124.8654434250764,0.44648318042813456,0.3287461773700306,0.22782874617737003,./checkpoint/phase1_mkgw/rotate_softtoken_seed0.ckpt,results/phase1_mkgw/soft_token_seed0.log
soft_token,0,Head/Tail Both Have Text,0.32838521483600647,826.9030909551558,0.469850519381809,0.37028122624778315,0.2470230554851786,./checkpoint/phase1_mkgw/rotate_softtoken_seed0.ckpt,results/phase1_mkgw/soft_token_seed0.log
soft_token,0,Head/Tail Injected Missing Text,nan,nan,nan,nan,nan,./checkpoint/phase1_mkgw/rotate_softtoken_seed0.ckpt,results/phase1_mkgw/soft_token_seed0.log
soft_token,1,Overall,0.32742831110954285,862.9011840820312,0.4675947427749634,0.3702620565891266,0.24672438204288483,./checkpoint/phase1_mkgw/rotate_softtoken_seed1.ckpt,results/phase1_mkgw/soft_token_seed1.log
soft_token,1,Head/Tail Missing Text,0.3018118055786548,1117.4495412844037,0.44036697247706424,0.3379204892966361,0.22629969418960244,./checkpoint/phase1_mkgw/rotate_softtoken_seed1.ckpt,results/phase1_mkgw/soft_token_seed1.log
soft_token,1,Head/Tail Both Have Text,0.329551138001779,841.8123891563213,0.469850519381809,0.3729414745376235,0.248416518875095,./checkpoint/phase1_mkgw/rotate_softtoken_seed1.ckpt,results/phase1_mkgw/soft_token_seed1.log
soft_token,1,Head/Tail Injected Missing Text,nan,nan,nan,nan,nan,./checkpoint/phase1_mkgw/rotate_softtoken_seed1.ckpt,results/phase1_mkgw/soft_token_seed1.log
soft_token,2,Overall,0.3248097896575928,852.6309814453125,0.46771174669265747,0.3688582181930542,0.24157698452472687,./checkpoint/phase1_mkgw/rotate_softtoken_seed2.ckpt,results/phase1_mkgw/soft_token_seed2.log
soft_token,2,Head/Tail Missing Text,0.3042834559239549,1106.5581039755352,0.43883792048929665,0.3318042813455658,0.22935779816513763,./checkpoint/phase1_mkgw/rotate_softtoken_seed2.ckpt,results/phase1_mkgw/soft_token_seed2.log
soft_token,2,Head/Tail Both Have Text,0.32651059571408564,831.5937420825944,0.4701038763617938,0.3719280466176843,0.24258930833544465,./checkpoint/phase1_mkgw/rotate_softtoken_seed2.ckpt,results/phase1_mkgw/soft_token_seed2.log
soft_token,2,Head/Tail Injected Missing Text,nan,nan,nan,nan,nan,./checkpoint/phase1_mkgw/rotate_softtoken_seed2.ckpt,results/phase1_mkgw/soft_token_seed2.log
soft_token_retrieval,0,Overall,0.3242335319519043,855.6541748046875,0.46782875061035156,0.3682732880115509,0.24122601747512817,./checkpoint/phase1_mkgw/rotate_retrieval_w025_seed0.ckpt,results/phase1_mkgw/soft_token_retrieval_seed0.log
soft_token_retrieval,0,Head/Tail Missing Text,0.3006652040216845,1095.9464831804282,0.44801223241590216,0.3302752293577982,0.22324159021406728,./checkpoint/phase1_mkgw/rotate_retrieval_w025_seed0.ckpt,results/phase1_mkgw/soft_token_retrieval_seed0.log
soft_token_retrieval,0,Head/Tail Both Have Text,0.32618661592566944,835.7465163415252,0.46947048391183177,0.3714213326577147,0.24271598682543705,./checkpoint/phase1_mkgw/rotate_retrieval_w025_seed0.ckpt,results/phase1_mkgw/soft_token_retrieval_seed0.log
soft_token_retrieval,0,Head/Tail Injected Missing Text,nan,nan,nan,nan,nan,./checkpoint/phase1_mkgw/rotate_retrieval_w025_seed0.ckpt,results/phase1_mkgw/soft_token_retrieval_seed0.log
soft_token_retrieval,1,Overall,0.3178141713142395,869.4004516601562,0.4624473452568054,0.3675713539123535,0.23198409378528595,./checkpoint/phase1_mkgw/rotate_retrieval_w025_seed1.ckpt,results/phase1_mkgw/soft_token_retrieval_seed1.log
soft_token_retrieval,1,Head/Tail Missing Text,0.29102260818519476,1119.894495412844,0.43425076452599387,0.3241590214067278,0.21100917431192662,./checkpoint/phase1_mkgw/rotate_retrieval_w025_seed1.ckpt,results/phase1_mkgw/soft_token_retrieval_seed1.log
soft_token_retrieval,1,Head/Tail Both Have Text,0.32003427091112485,848.6475804408411,0.464783379782113,0.3711679756777299,0.2337218140359767,./checkpoint/phase1_mkgw/rotate_retrieval_w025_seed1.ckpt,results/phase1_mkgw/soft_token_retrieval_seed1.log
soft_token_retrieval,1,Head/Tail Injected Missing Text,nan,nan,nan,nan,nan,./checkpoint/phase1_mkgw/rotate_retrieval_w025_seed1.ckpt,results/phase1_mkgw/soft_token_retrieval_seed1.log
soft_token_retrieval,2,Overall,0.3195899724960327,862.5625,0.466190904378891,0.36511465907096863,0.23479175567626953,./checkpoint/phase1_mkgw/rotate_retrieval_w025_seed2.ckpt,results/phase1_mkgw/soft_token_retrieval_seed2.log
soft_token_retrieval,2,Head/Tail Missing Text,0.29284802649064956,1062.5825688073394,0.43883792048929665,0.3241590214067278,0.21406727828746178,./checkpoint/phase1_mkgw/rotate_retrieval_w025_seed2.ckpt,results/phase1_mkgw/soft_token_retrieval_seed2.log
soft_token_retrieval,2,Head/Tail Both Have Text,0.32180578265888815,845.9912591841905,0.4684570559918926,0.36850772738788956,0.23650874081580947,./checkpoint/phase1_mkgw/rotate_retrieval_w025_seed2.ckpt,results/phase1_mkgw/soft_token_retrieval_seed2.log
soft_token_retrieval,2,Head/Tail Injected Missing Text,nan,nan,nan,nan,nan,./checkpoint/phase1_mkgw/rotate_retrieval_w025_seed2.ckpt,results/phase1_mkgw/soft_token_retrieval_seed2.log
soft_token_retrieval_guarded_hpsac,0,Overall,0.32655456481367556,847.854117922321,0.4698175011698643,0.37049602246139446,0.24368273280299485,checkpoint_a=./checkpoint/phase1_mkgw/rotate_softtoken_seed0.ckpt; checkpoint_b=./checkpoint/phase1_mkgw/rotate_retrieval_w025_seed0.ckpt,results/phase1_mkgw/soft_token_retrieval_guarded_hpsac_seed0.log
soft_token_retrieval_guarded_hpsac,0,Head/Tail Missing Text,0.3006652040216845,1095.9464831804282,0.44801223241590216,0.3302752293577982,0.22324159021406728,checkpoint_a=./checkpoint/phase1_mkgw/rotate_softtoken_seed0.ckpt; checkpoint_b=./checkpoint/phase1_mkgw/rotate_retrieval_w025_seed0.ckpt,results/phase1_mkgw/soft_token_retrieval_guarded_hpsac_seed0.log
soft_token_retrieval_guarded_hpsac,0,Head/Tail Both Have Text,0.3286994396500021,827.300228021282,0.4716240182417026,0.3738282239675703,0.24537623511527742,checkpoint_a=./checkpoint/phase1_mkgw/rotate_softtoken_seed0.ckpt; checkpoint_b=./checkpoint/phase1_mkgw/rotate_retrieval_w025_seed0.ckpt,results/phase1_mkgw/soft_token_retrieval_guarded_hpsac_seed0.log
soft_token_retrieval_guarded_hpsac,1,Overall,0.32238340715696456,861.765676181563,0.4649040711277492,0.37061300889096865,0.23783341132428637,checkpoint_a=./checkpoint/phase1_mkgw/rotate_softtoken_seed1.ckpt; checkpoint_b=./checkpoint/phase1_mkgw/rotate_retrieval_w025_seed1.ckpt,results/phase1_mkgw/soft_token_retrieval_guarded_hpsac_seed1.log
soft_token_retrieval_guarded_hpsac,1,Head/Tail Missing Text,0.29102260818519476,1119.894495412844,0.43425076452599387,0.3241590214067278,0.21100917431192662,checkpoint_a=./checkpoint/phase1_mkgw/rotate_softtoken_seed1.ckpt; checkpoint_b=./checkpoint/phase1_mkgw/rotate_retrieval_w025_seed1.ckpt,results/phase1_mkgw/soft_token_retrieval_guarded_hpsac_seed1.log
soft_token_retrieval_guarded_hpsac,1,Head/Tail Both Have Text,0.32498157823975377,840.3802888269572,0.4674436280719534,0.3744616164175323,0.24005573853559667,checkpoint_a=./checkpoint/phase1_mkgw/rotate_softtoken_seed1.ckpt; checkpoint_b=./checkpoint/phase1_mkgw/rotate_retrieval_w025_seed1.ckpt,results/phase1_mkgw/soft_token_retrieval_guarded_hpsac_seed1.log
soft_token_retrieval_guarded_hpsac,2,Overall,0.32324042468656233,853.9801123069724,0.4701684604585868,0.3685072531586336,0.23876930276087974,checkpoint_a=./checkpoint/phase1_mkgw/rotate_softtoken_seed2.ckpt; checkpoint_b=./checkpoint/phase1_mkgw/rotate_retrieval_w025_seed2.ckpt,results/phase1_mkgw/soft_token_retrieval_guarded_hpsac_seed2.log
soft_token_retrieval_guarded_hpsac,2,Head/Tail Missing Text,0.29284802649064956,1062.5825688073394,0.43883792048929665,0.3241590214067278,0.21406727828746178,checkpoint_a=./checkpoint/phase1_mkgw/rotate_softtoken_seed2.ckpt; checkpoint_b=./checkpoint/phase1_mkgw/rotate_retrieval_w025_seed2.ckpt,results/phase1_mkgw/soft_token_retrieval_guarded_hpsac_seed2.log
soft_token_retrieval_guarded_hpsac,2,Head/Tail Both Have Text,0.32575836596096397,836.6978718013681,0.47276412465163414,0.3721814035976691,0.24081580947555106,checkpoint_a=./checkpoint/phase1_mkgw/rotate_softtoken_seed2.ckpt; checkpoint_b=./checkpoint/phase1_mkgw/rotate_retrieval_w025_seed2.ckpt,results/phase1_mkgw/soft_token_retrieval_guarded_hpsac_seed2.log
